-- ============================================================
-- MariaDB Data Insertion Script - Single Database, No Prefixes
-- Truncate and reload all data for easy data modifications
-- ============================================================

SET FOREIGN_KEY_CHECKS = 0;

-- Truncate tables in reverse dependency order
TRUNCATE TABLE `PayrollEarning`;
TRUNCATE TABLE `PayrollRecord`;
TRUNCATE TABLE `PayrollPeriod`;
TRUNCATE TABLE `PayPlanElement`;
TRUNCATE TABLE `PlanElement`;
TRUNCATE TABLE `PayPlan`;
TRUNCATE TABLE `WriterSalesByCategory`;
TRUNCATE TABLE `TechSalesByCategory`;
TRUNCATE TABLE `Category`;
TRUNCATE TABLE `Timesheet`;
TRUNCATE TABLE `Employee`;
TRUNCATE TABLE `Position`;
TRUNCATE TABLE `Store`;

SET FOREIGN_KEY_CHECKS = 1;

-- ============================================================
-- POSITIONS
-- ============================================================
INSERT INTO `Position` (`PositionName`)
VALUES
    ('Manager'),                  -- PositionID = 1
    ('Service Advisor'),          -- PositionID = 2
    ('Technician'),               -- PositionID = 3
    ('General Service Technician'); -- PositionID = 4

-- ============================================================
-- STORES
-- ============================================================
INSERT INTO `Store` (
    `StoreID`,
    `PosID`,
    `Nickname`,
    `AddressLine`,
    `City`,
    `StateProvince`,
    `PostalCode`,
    `ManagerCode`,
    `District`,
    `AthenaStartDate`,
    `Bays`
)
VALUES
    (1, 101, 'Store 1', '123 Main St',  'Denver',   'CO', '80202', 'MGR1', 'District A', '2025-01-01', 6),
    (2, 102, 'Store 2', '456 Oak Ave', 'Aurora',   'CO', '80012', 'MGR2', 'District A', '2025-01-01', 8);

-- ============================================================
-- PAY PLANS
-- ============================================================
INSERT INTO `PayPlan` (`PlanName`, `OvertimeExempt`)
VALUES
    ('Salary',                1), -- PlanID = 1
    ('Salary + Store GP',     1), -- PlanID = 2
    ('Hourly OR Ind Sales + Tire', 0), -- PlanID = 3
    ('Hourly OR Flat Rate',   0), -- PlanID = 4
    ('Hourly',                0); -- PlanID = 5

-- ============================================================
-- PLAN ELEMENTS
-- ============================================================
INSERT INTO `PlanElement` (`ElementName`, `Description`)
VALUES
    ('Base Salary',              'Fixed salary for salaried employees'),          -- ElementID = 1
    ('Store GP Commission',      'Commission based on store gross profit'),       -- ElementID = 2
    ('Regular Hours Pay',        'Straight-time hourly pay'),                     -- ElementID = 3
    ('Overtime Pay',             'Overtime pay (e.g., time-and-a-half)'),        -- ElementID = 4
    ('Individual Sales Commission', 'Commission on individual sales'),           -- ElementID = 5
    ('Tire Spiff',               'Per-tire spiff or bonus'),                      -- ElementID = 6
    ('Flat Rate Hours Pay',      'Flat-rate billable hours pay'),                 -- ElementID = 7
    ('Misc Spiff',               'Miscellaneous spiffs or bonuses');              -- ElementID = 8

-- ============================================================
-- PAY PLAN ↔ ELEMENT MAPPINGS
-- ============================================================
-- Salary (PlanID = 1)
INSERT INTO `PayPlanElement` (`PlanID`, `ElementID`)
VALUES (1, 1);  -- Base Salary

-- Salary + Store GP (PlanID = 2)
INSERT INTO `PayPlanElement` (`PlanID`, `ElementID`)
VALUES 
    (2, 1),     -- Base Salary
    (2, 2);     -- Store GP Commission

-- Hourly OR Ind Sales + Tire (PlanID = 3)
INSERT INTO `PayPlanElement` (`PlanID`, `ElementID`)
VALUES
    (3, 3),     -- Regular Hours Pay
    (3, 4),     -- Overtime Pay
    (3, 5),     -- Individual Sales Commission
    (3, 6);     -- Tire Spiff

-- Hourly OR Flat Rate (PlanID = 4)
INSERT INTO `PayPlanElement` (`PlanID`, `ElementID`)
VALUES
    (4, 3),     -- Regular Hours Pay
    (4, 4),     -- Overtime Pay
    (4, 7),     -- Flat Rate Hours Pay
    (4, 8);     -- Misc Spiff

-- Hourly (PlanID = 5)
INSERT INTO `PayPlanElement` (`PlanID`, `ElementID`)
VALUES
    (5, 3),     -- Regular Hours Pay
    (5, 4);     -- Overtime Pay

-- ============================================================
-- EMPLOYEES (WITH FAKE NAMES)
-- ============================================================

-- Store 1 employees (6)
INSERT INTO `Employee` (
    `EmployeeID`,
    `FirstName`,
    `MiddleName`,
    `LastName`,
    `PositionID`,
    `Active`
)
VALUES
    (1001, 'Ryan',   NULL, 'Mitchell',   1, 1),  -- Manager
    (1002, 'Lauren', NULL, 'Costa',      2, 1),  -- Service Advisor
    (1003, 'Eric',   NULL, 'Navarro',    3, 1),  -- Technician
    (1004, 'Dylan',  NULL, 'Brooks',     3, 1),  -- Technician
    (1005, 'Marcus', NULL, 'Reed',       3, 1),  -- Technician
    (1006, 'Evan',   NULL, 'Turner',     4, 1);  -- General Service Technician

-- Store 2 employees (8)
INSERT INTO `Employee` (
    `EmployeeID`,
    `FirstName`,
    `MiddleName`,
    `LastName`,
    `PositionID`,
    `Active`
)
VALUES
    (2001, 'Amanda', NULL, 'Reynolds',   1, 1),  -- Manager
    (2002, 'Jason',  NULL, 'Parker',     2, 1),  -- Service Advisor
    (2003, 'Luis',   NULL, 'Hernandez',  3, 1),  -- Technician
    (2004, 'Tyler',  NULL, 'Watson',     3, 1),  -- Technician
    (2005, 'Noah',   NULL, 'Kim',        3, 1),  -- Technician
    (2006, 'Brandon',NULL, 'Olsen',      3, 1),  -- Technician
    (2007, 'Kevin',  NULL, 'Morris',     4, 1),  -- General Service Technician
    (2008, 'Jake',   NULL, 'Sullivan',   4, 1);  -- General Service Technician

-- ============================================================
-- TIMESHEETS (ONE WEEK: 2025-09-08 TO 2025-09-12)
-- ============================================================

INSERT INTO `Timesheet` (
    `TimesheetID`,
    `StoreID`,
    `EmployeeID`,
    `TimeIn`,
    `TimeOut`,
    `ClockOutReason`,
    `TotalHours`,
    `CreatedAt`
)
VALUES
-- ============================================================
-- Store 1 – 1001 Ryan Mitchell (Manager) – 45 hrs (9/day)
-- ============================================================
(1000001, 1, 1001, '2025-09-08 08:00:00', '2025-09-08 17:00:00', 'EndOfDay', 9.0, '2025-09-08 17:00:00'),
(1000002, 1, 1001, '2025-09-09 08:00:00', '2025-09-09 17:00:00', 'EndOfDay', 9.0, '2025-09-09 17:00:00'),
(1000003, 1, 1001, '2025-09-10 08:00:00', '2025-09-10 17:00:00', 'EndOfDay', 9.0, '2025-09-10 17:00:00'),
(1000004, 1, 1001, '2025-09-11 08:00:00', '2025-09-11 17:00:00', 'EndOfDay', 9.0, '2025-09-11 17:00:00'),
(1000005, 1, 1001, '2025-09-12 08:00:00', '2025-09-12 17:00:00', 'EndOfDay', 9.0, '2025-09-12 17:00:00'),

-- ============================================================
-- Store 1 – 1002 Lauren Costa (Service Advisor) – 42 hrs
-- 8,8,8,9,9
-- ============================================================
(1000101, 1, 1002, '2025-09-08 08:00:00', '2025-09-08 16:00:00', 'EndOfDay', 8.0, '2025-09-08 16:00:00'),
(1000102, 1, 1002, '2025-09-09 08:00:00', '2025-09-09 16:00:00', 'EndOfDay', 8.0, '2025-09-09 16:00:00'),
(1000103, 1, 1002, '2025-09-10 08:00:00', '2025-09-10 16:00:00', 'EndOfDay', 8.0, '2025-09-10 16:00:00'),
(1000104, 1, 1002, '2025-09-11 08:00:00', '2025-09-11 17:00:00', 'EndOfDay', 9.0, '2025-09-11 17:00:00'),
(1000105, 1, 1002, '2025-09-12 08:00:00', '2025-09-12 17:00:00', 'EndOfDay', 9.0, '2025-09-12 17:00:00'),

-- ============================================================
-- Store 1 – 1003 Eric Navarro (Tech) – 44 hrs (8,9,9,9,9)
-- ============================================================
(1000201, 1, 1003, '2025-09-08 08:00:00', '2025-09-08 16:00:00', 'EndOfDay', 8.0, '2025-09-08 16:00:00'),
(1000202, 1, 1003, '2025-09-09 08:00:00', '2025-09-09 17:00:00', 'EndOfDay', 9.0, '2025-09-09 17:00:00'),
(1000203, 1, 1003, '2025-09-10 08:00:00', '2025-09-10 17:00:00', 'EndOfDay', 9.0, '2025-09-10 17:00:00'),
(1000204, 1, 1003, '2025-09-11 08:00:00', '2025-09-11 17:00:00', 'EndOfDay', 9.0, '2025-09-11 17:00:00'),
(1000205, 1, 1003, '2025-09-12 08:00:00', '2025-09-12 17:00:00', 'EndOfDay', 9.0, '2025-09-12 17:00:00'),

-- ============================================================
-- Store 1 – 1004 Dylan Brooks (Tech) – 40 hrs (8x5)
-- ============================================================
(1000301, 1, 1004, '2025-09-08 08:00:00', '2025-09-08 16:00:00', 'EndOfDay', 8.0, '2025-09-08 16:00:00'),
(1000302, 1, 1004, '2025-09-09 08:00:00', '2025-09-09 16:00:00', 'EndOfDay', 8.0, '2025-09-09 16:00:00'),
(1000303, 1, 1004, '2025-09-10 08:00:00', '2025-09-10 16:00:00', 'EndOfDay', 8.0, '2025-09-10 16:00:00'),
(1000304, 1, 1004, '2025-09-11 08:00:00', '2025-09-11 16:00:00', 'EndOfDay', 8.0, '2025-09-11 16:00:00'),
(1000305, 1, 1004, '2025-09-12 08:00:00', '2025-09-12 16:00:00', 'EndOfDay', 8.0, '2025-09-12 16:00:00'),

-- ============================================================
-- Store 1 – 1005 Marcus Reed (Tech) – 46 hrs (9,9,9,9,10)
-- ============================================================
(1000401, 1, 1005, '2025-09-08 08:00:00', '2025-09-08 17:00:00', 'EndOfDay', 9.0, '2025-09-08 17:00:00'),
(1000402, 1, 1005, '2025-09-09 08:00:00', '2025-09-09 17:00:00', 'EndOfDay', 9.0, '2025-09-09 17:00:00'),
(1000403, 1, 1005, '2025-09-10 08:00:00', '2025-09-10 17:00:00', 'EndOfDay', 9.0, '2025-09-10 17:00:00'),
(1000404, 1, 1005, '2025-09-11 08:00:00', '2025-09-11 17:00:00', 'EndOfDay', 9.0, '2025-09-11 17:00:00'),
(1000405, 1, 1005, '2025-09-12 08:00:00', '2025-09-12 18:00:00', 'EndOfDay',10.0, '2025-09-12 18:00:00'),

-- ============================================================
-- Store 1 – 1006 Evan Turner (GST) – 38 hrs (8,8,8,8,6)
-- ============================================================
(1000501, 1, 1006, '2025-09-08 09:00:00', '2025-09-08 17:00:00', 'EndOfDay', 8.0, '2025-09-08 17:00:00'),
(1000502, 1, 1006, '2025-09-09 09:00:00', '2025-09-09 17:00:00', 'EndOfDay', 8.0, '2025-09-09 17:00:00'),
(1000503, 1, 1006, '2025-09-10 09:00:00', '2025-09-10 17:00:00', 'EndOfDay', 8.0, '2025-09-10 17:00:00'),
(1000504, 1, 1006, '2025-09-11 09:00:00', '2025-09-11 17:00:00', 'EndOfDay', 8.0, '2025-09-11 17:00:00'),
(1000505, 1, 1006, '2025-09-12 09:00:00', '2025-09-12 15:00:00', 'EndOfDay', 6.0, '2025-09-12 15:00:00'),

-- ============================================================
-- Store 2 – 2001 Amanda Reynolds (Manager) – 47 hrs (9,10,9,10,9)
-- ============================================================
(1000601, 2, 2001, '2025-09-08 08:00:00', '2025-09-08 17:00:00', 'EndOfDay', 9.0, '2025-09-08 17:00:00'),
(1000602, 2, 2001, '2025-09-09 08:00:00', '2025-09-09 18:00:00', 'EndOfDay',10.0, '2025-09-09 18:00:00'),
(1000603, 2, 2001, '2025-09-10 08:00:00', '2025-09-10 17:00:00', 'EndOfDay', 9.0, '2025-09-10 17:00:00'),
(1000604, 2, 2001, '2025-09-11 08:00:00', '2025-09-11 18:00:00', 'EndOfDay',10.0, '2025-09-11 18:00:00'),
(1000605, 2, 2001, '2025-09-12 08:00:00', '2025-09-12 17:00:00', 'EndOfDay', 9.0, '2025-09-12 17:00:00'),

-- ============================================================
-- Store 2 – 2002 Jason Parker (Service Advisor) – 41 hrs (8,8,8,8,9)
-- ============================================================
(1000701, 2, 2002, '2025-09-08 08:00:00', '2025-09-08 16:00:00', 'EndOfDay', 8.0, '2025-09-08 16:00:00'),
(1000702, 2, 2002, '2025-09-09 08:00:00', '2025-09-09 16:00:00', 'EndOfDay', 8.0, '2025-09-09 16:00:00'),
(1000703, 2, 2002, '2025-09-10 08:00:00', '2025-09-10 16:00:00', 'EndOfDay', 8.0, '2025-09-10 16:00:00'),
(1000704, 2, 2002, '2025-09-11 08:00:00', '2025-09-11 16:00:00', 'EndOfDay', 8.0, '2025-09-11 16:00:00'),
(1000705, 2, 2002, '2025-09-12 08:00:00', '2025-09-12 17:00:00', 'EndOfDay', 9.0, '2025-09-12 17:00:00'),

-- ============================================================
-- Store 2 – 2003 Luis Hernandez (Tech) – 43 hrs (8,9,8,9,9)
-- ============================================================
(1000801, 2, 2003, '2025-09-08 08:00:00', '2025-09-08 16:00:00', 'EndOfDay', 8.0, '2025-09-08 16:00:00'),
(1000802, 2, 2003, '2025-09-09 08:00:00', '2025-09-09 17:00:00', 'EndOfDay', 9.0, '2025-09-09 17:00:00'),
(1000803, 2, 2003, '2025-09-10 08:00:00', '2025-09-10 16:00:00', 'EndOfDay', 8.0, '2025-09-10 16:00:00'),
(1000804, 2, 2003, '2025-09-11 08:00:00', '2025-09-11 17:00:00', 'EndOfDay', 9.0, '2025-09-11 17:00:00'),
(1000805, 2, 2003, '2025-09-12 08:00:00', '2025-09-12 17:00:00', 'EndOfDay', 9.0, '2025-09-12 17:00:00'),

-- ============================================================
-- Store 2 – 2004 Tyler Watson (Tech) – 40 hrs
-- ============================================================
(1000901, 2, 2004, '2025-09-08 08:00:00', '2025-09-08 16:00:00', 'EndOfDay', 8.0, '2025-09-08 16:00:00'),
(1000902, 2, 2004, '2025-09-09 08:00:00', '2025-09-09 16:00:00', 'EndOfDay', 8.0, '2025-09-09 16:00:00'),
(1000903, 2, 2004, '2025-09-10 08:00:00', '2025-09-10 16:00:00', 'EndOfDay', 8.0, '2025-09-10 16:00:00'),
(1000904, 2, 2004, '2025-09-11 08:00:00', '2025-09-11 16:00:00', 'EndOfDay', 8.0, '2025-09-11 16:00:00'),
(1000905, 2, 2004, '2025-09-12 08:00:00', '2025-09-12 16:00:00', 'EndOfDay', 8.0, '2025-09-12 16:00:00'),

-- ============================================================
-- Store 2 – 2005 Noah Kim (Tech) – 42 hrs (8,8,8,9,9)
-- ============================================================
(1001001, 2, 2005, '2025-09-08 08:00:00', '2025-09-08 16:00:00', 'EndOfDay', 8.0, '2025-09-08 16:00:00'),
(1001002, 2, 2005, '2025-09-09 08:00:00', '2025-09-09 16:00:00', 'EndOfDay', 8.0, '2025-09-09 16:00:00'),
(1001003, 2, 2005, '2025-09-10 08:00:00', '2025-09-10 16:00:00', 'EndOfDay', 8.0, '2025-09-10 16:00:00'),
(1001004, 2, 2005, '2025-09-11 08:00:00', '2025-09-11 17:00:00', 'EndOfDay', 9.0, '2025-09-11 17:00:00'),
(1001005, 2, 2005, '2025-09-12 08:00:00', '2025-09-12 17:00:00', 'EndOfDay', 9.0, '2025-09-12 17:00:00'),

-- ============================================================
-- Store 2 – 2006 Brandon Olsen (Tech) – 39 hrs (8,8,7,8,8)
-- ============================================================
(1001101, 2, 2006, '2025-09-08 09:00:00', '2025-09-08 17:00:00', 'EndOfDay', 8.0, '2025-09-08 17:00:00'),
(1001102, 2, 2006, '2025-09-09 09:00:00', '2025-09-09 17:00:00', 'EndOfDay', 8.0, '2025-09-09 17:00:00'),
(1001103, 2, 2006, '2025-09-10 09:00:00', '2025-09-10 16:00:00', 'EndOfDay', 7.0, '2025-09-10 16:00:00'),
(1001104, 2, 2006, '2025-09-11 09:00:00', '2025-09-11 17:00:00', 'EndOfDay', 8.0, '2025-09-11 17:00:00'),
(1001105, 2, 2006, '2025-09-12 09:00:00', '2025-09-12 17:00:00', 'EndOfDay', 8.0, '2025-09-12 17:00:00'),

-- ============================================================
-- Store 2 – 2007 Kevin Morris (GST) – 37 hrs (8,8,7,7,7)
-- ============================================================
(1001201, 2, 2007, '2025-09-08 09:00:00', '2025-09-08 17:00:00', 'EndOfDay', 8.0, '2025-09-08 17:00:00'),
(1001202, 2, 2007, '2025-09-09 09:00:00', '2025-09-09 17:00:00', 'EndOfDay', 8.0, '2025-09-09 17:00:00'),
(1001203, 2, 2007, '2025-09-10 09:00:00', '2025-09-10 16:00:00', 'EndOfDay', 7.0, '2025-09-10 16:00:00'),
(1001204, 2, 2007, '2025-09-11 09:00:00', '2025-09-11 16:00:00', 'EndOfDay', 7.0, '2025-09-11 16:00:00'),
(1001205, 2, 2007, '2025-09-12 09:00:00', '2025-09-12 16:00:00', 'EndOfDay', 7.0, '2025-09-12 16:00:00'),

-- ============================================================
-- Store 2 – 2008 Jake Sullivan (GST) – 36 hrs (8,8,8,8,4)
-- ============================================================
(1001301, 2, 2008, '2025-09-08 08:00:00', '2025-09-08 16:00:00', 'EndOfDay', 8.0, '2025-09-08 16:00:00'),
(1001302, 2, 2008, '2025-09-09 08:00:00', '2025-09-09 16:00:00', 'EndOfDay', 8.0, '2025-09-09 16:00:00'),
(1001303, 2, 2008, '2025-09-10 08:00:00', '2025-09-10 16:00:00', 'EndOfDay', 8.0, '2025-09-10 16:00:00'),
(1001304, 2, 2008, '2025-09-11 08:00:00', '2025-09-11 16:00:00', 'EndOfDay', 8.0, '2025-09-11 16:00:00'),
(1001305, 2, 2008, '2025-09-12 08:00:00', '2025-09-12 12:00:00', 'EndOfDay', 4.0, '2025-09-12 12:00:00');

-- ============================================================
-- CATEGORIES
-- ============================================================
INSERT INTO `Category` (`CategoryCode`, `CategoryDescription`, `CreatedAt`)
VALUES
    ('WA',  'Wheel Alignment',      '2025-09-01 00:00:00'),
    ('TRS', 'Tires',                '2025-09-01 00:00:00'),
    ('BRK', 'Brakes',               '2025-09-01 00:00:00'),
    ('FLS', 'Fluid Flush Service',  '2025-09-01 00:00:00'),
    ('LOF', 'Oil Change',           '2025-09-01 00:00:00');

-- ============================================================
-- TECH SALES BY CATEGORY (ONE WEEK: 2025-09-08 TO 2025-09-12)
-- ============================================================
-- These represent the sales/work done by technicians during the payroll period
-- This data feeds into their flat-rate pay and spiff calculations

-- Store 1 - Eric Navarro (EmployeeID 1003) - Mixed work
INSERT INTO `TechSalesByCategory` (
    `StoreID`, `Date`, `EmployeeID`, `CategoryCode`,
    `LaborJobs`, `LaborHours`, `LaborCharge`, `LaborDiscount`, `LaborCost`,
    `PartsCharge`, `PartsFees`, `PartsDiscount`, `PartsCost`
)
VALUES
(1, '2025-09-08', 1003, 'BRK',  1, 2.0,  180.00,  0.00,  45.00,  320.00,  10.00,  20.00,  200.00),
(1, '2025-09-09', 1003, 'FLS',  2, 1.5,  120.00,  0.00,  30.00,  180.00,   8.00,  10.00,  110.00),
(1, '2025-09-10', 1003, 'LOF',  3, 1.0,   90.00,  5.00,  22.50,   80.00,   5.00,   0.00,   50.00),
(1, '2025-09-11', 1003, 'WA',   1, 3.0,  250.00,  0.00,  62.50,   50.00,   2.00,   0.00,   30.00),
(1, '2025-09-12', 1003, 'TRS',  1, 2.5,  200.00, 10.00,  50.00,  550.00,  15.00,  30.00,  380.00);

-- Store 1 - Dylan Brooks (EmployeeID 1004) - Mostly oil changes and brakes
INSERT INTO `TechSalesByCategory` (
    `StoreID`, `Date`, `EmployeeID`, `CategoryCode`,
    `LaborJobs`, `LaborHours`, `LaborCharge`, `LaborDiscount`, `LaborCost`,
    `PartsCharge`, `PartsFees`, `PartsDiscount`, `PartsCost`
)
VALUES
(1, '2025-09-08', 1004, 'LOF',  4, 1.5,  120.00,  5.00,  30.00,  110.00,   6.00,   0.00,   70.00),
(1, '2025-09-09', 1004, 'LOF',  3, 1.2,   90.00,  0.00,  22.50,   85.00,   5.00,   0.00,   55.00),
(1, '2025-09-10', 1004, 'BRK',  2, 3.5,  320.00, 20.00,  80.00,  580.00,  18.00,  40.00,  370.00),
(1, '2025-09-11', 1004, 'LOF',  3, 1.0,   90.00,  0.00,  22.50,   75.00,   4.00,   0.00,   48.00),
(1, '2025-09-12', 1004, 'FLS',  1, 1.3,  100.00,  0.00,  25.00,  140.00,   7.00,   8.00,   88.00);

-- Store 1 - Marcus Reed (EmployeeID 1005) - High-value work, alignments & tires
INSERT INTO `TechSalesByCategory` (
    `StoreID`, `Date`, `EmployeeID`, `CategoryCode`,
    `LaborJobs`, `LaborHours`, `LaborCharge`, `LaborDiscount`, `LaborCost`,
    `PartsCharge`, `PartsFees`, `PartsDiscount`, `PartsCost`
)
VALUES
(1, '2025-09-08', 1005, 'WA',   2, 4.0,  400.00,  0.00, 100.00,  100.00,   4.00,   0.00,   60.00),
(1, '2025-09-09', 1005, 'TRS',  1, 2.5,  200.00, 10.00,  50.00,  650.00,  18.00,  40.00,  450.00),
(1, '2025-09-10', 1005, 'BRK',  1, 2.5,  220.00,  0.00,  55.00,  420.00,  13.00,  25.00,  270.00),
(1, '2025-09-11', 1005, 'WA',   1, 2.5,  200.00,  0.00,  50.00,   50.00,   2.00,   0.00,   30.00),
(1, '2025-09-12', 1005, 'TRS',  2, 2.5,  200.00, 15.00,  50.00,  800.00,  22.00,  50.00,  550.00);

-- Store 2 - Luis Hernandez (EmployeeID 2003) - Balanced technician
INSERT INTO `TechSalesByCategory` (
    `StoreID`, `Date`, `EmployeeID`, `CategoryCode`,
    `LaborJobs`, `LaborHours`, `LaborCharge`, `LaborDiscount`, `LaborCost`,
    `PartsCharge`, `PartsFees`, `PartsDiscount`, `PartsCost`
)
VALUES
(2, '2025-09-08', 2003, 'LOF',  3, 1.2,   95.00,  0.00,  23.75,   85.00,   5.00,   0.00,   55.00),
(2, '2025-09-09', 2003, 'BRK',  1, 2.5,  225.00,  0.00,  56.25,  380.00,  12.00,  20.00,  245.00),
(2, '2025-09-10', 2003, 'FLS',  2, 1.8,  140.00,  5.00,  35.00,  220.00,  10.00,  12.00,  140.00),
(2, '2025-09-11', 2003, 'WA',   1, 2.5,  210.00,  0.00,  52.50,   50.00,   2.00,   0.00,   30.00),
(2, '2025-09-12', 2003, 'TRS',  1, 3.0,  250.00, 15.00,  62.50,  720.00,  20.00,  45.00,  490.00);

-- Store 2 - Tyler Watson (EmployeeID 2004) - Oil change specialist
INSERT INTO `TechSalesByCategory` (
    `StoreID`, `Date`, `EmployeeID`, `CategoryCode`,
    `LaborJobs`, `LaborHours`, `LaborCharge`, `LaborDiscount`, `LaborCost`,
    `PartsCharge`, `PartsFees`, `PartsDiscount`, `PartsCost`
)
VALUES
(2, '2025-09-08', 2004, 'LOF',  5, 1.8,  140.00,  5.00,  35.00,  130.00,   7.00,   0.00,   83.00),
(2, '2025-09-09', 2004, 'LOF',  4, 1.5,  115.00,  0.00,  28.75,  105.00,   6.00,   0.00,   67.00),
(2, '2025-09-10', 2004, 'BRK',  1, 2.5,  210.00, 10.00,  52.50,  360.00,  11.00,  18.00,  232.00),
(2, '2025-09-11', 2004, 'LOF',  4, 1.5,  120.00,  0.00,  30.00,  110.00,   6.00,   0.00,   70.00),
(2, '2025-09-12', 2004, 'FLS',  2, 1.7,  135.00,  5.00,  33.75,  210.00,   9.00,  10.00,  135.00);

-- Store 2 - Noah Kim (EmployeeID 2005) - Tire and brake specialist
INSERT INTO `TechSalesByCategory` (
    `StoreID`, `Date`, `EmployeeID`, `CategoryCode`,
    `LaborJobs`, `LaborHours`, `LaborCharge`, `LaborDiscount`, `LaborCost`,
    `PartsCharge`, `PartsFees`, `PartsDiscount`, `PartsCost`
)
VALUES
(2, '2025-09-08', 2005, 'TRS',  1, 2.0,  160.00, 10.00,  40.00,  580.00,  16.00,  35.00,  395.00),
(2, '2025-09-09', 2005, 'BRK',  2, 3.5,  315.00, 20.00,  78.75,  630.00,  19.00,  40.00,  405.00),
(2, '2025-09-10', 2005, 'LOF',  3, 1.2,   95.00,  0.00,  23.75,   88.00,   5.00,   0.00,   56.00),
(2, '2025-09-11', 2005, 'TRS',  1, 2.5,  200.00, 12.00,  50.00,  660.00,  18.00,  40.00,  450.00),
(2, '2025-09-12', 2005, 'WA',   1, 2.8,  230.00,  0.00,  57.50,   60.00,   3.00,   0.00,   36.00);

-- Store 2 - Brandon Olsen (EmployeeID 2006) - Junior tech, basic services
INSERT INTO `TechSalesByCategory` (
    `StoreID`, `Date`, `EmployeeID`, `CategoryCode`,
    `LaborJobs`, `LaborHours`, `LaborCharge`, `LaborDiscount`, `LaborCost`,
    `PartsCharge`, `PartsFees`, `PartsDiscount`, `PartsCost`
)
VALUES
(2, '2025-09-08', 2006, 'LOF',  4, 1.5,  120.00,  5.00,  30.00,  110.00,   6.00,   0.00,   70.00),
(2, '2025-09-09', 2006, 'LOF',  3, 1.2,   95.00,  0.00,  23.75,   88.00,   5.00,   0.00,   56.00),
(2, '2025-09-10', 2006, 'FLS',  2, 1.5,  120.00,  0.00,  30.00,  190.00,   8.00,   9.00,  122.00),
(2, '2025-09-11', 2006, 'LOF',  3, 1.3,  100.00,  0.00,  25.00,   92.00,   5.00,   0.00,   59.00),
(2, '2025-09-12', 2006, 'BRK',  1, 2.5,  215.00, 10.00,  53.75,  375.00,  12.00,  19.00,  241.00);

-- ============================================================
-- WRITER SALES BY CATEGORY (ONE WEEK: 2025-09-08 TO 2025-09-12)
-- ============================================================
-- These represent sales written by service advisors and managers
-- This data feeds into their commission calculations

-- Store 1 - Ryan Mitchell (Manager, EmployeeID 1001) - Oversees all sales
INSERT INTO `WriterSalesByCategory` (
    `StoreID`, `Date`, `EmployeeID`, `CategoryCode`,
    `LaborJobs`, `LaborHours`, `LaborCharge`, `LaborDiscount`, `LaborCost`,
    `PartsCharge`, `PartsFees`, `PartsDiscount`, `PartsCost`
)
VALUES
(1, '2025-09-08', 1001, 'BRK',  3, 7.5,  680.00, 20.00, 170.00, 1320.00,  42.00,  80.00,  850.00),
(1, '2025-09-09', 1001, 'TRS',  2, 5.0,  400.00, 20.00, 100.00, 1200.00,  33.00,  70.00,  830.00),
(1, '2025-09-10', 1001, 'LOF',  6, 2.5,  210.00,  5.00,  52.50,  195.00,  11.00,   0.00,  125.00),
(1, '2025-09-11', 1001, 'WA',   2, 5.5,  450.00,  0.00, 112.50,  100.00,   4.00,   0.00,   60.00),
(1, '2025-09-12', 1001, 'FLS',  3, 2.8,  220.00,  0.00,  55.00,  320.00,  15.00,  18.00,  198.00);

-- Store 1 - Lauren Costa (Service Advisor, EmployeeID 1002) - Tire specialist, gets tire spiffs
-- Note: Her 10 tires @ $4 = $40 tire spiff matches PayrollEarning data
INSERT INTO `WriterSalesByCategory` (
    `StoreID`, `Date`, `EmployeeID`, `CategoryCode`,
    `LaborJobs`, `LaborHours`, `LaborCharge`, `LaborDiscount`, `LaborCost`,
    `PartsCharge`, `PartsFees`, `PartsDiscount`, `PartsCost`
)
VALUES
(1, '2025-09-08', 1002, 'TRS',  1, 2.5,  200.00, 10.00,  50.00,  650.00,  18.00,  40.00,  450.00),  -- 4 tires
(1, '2025-09-09', 1002, 'LOF',  4, 1.5,  120.00,  5.00,  30.00,  110.00,   6.00,   0.00,   70.00),
(1, '2025-09-10', 1002, 'BRK',  2, 5.0,  440.00, 20.00, 110.00,  900.00,  28.00,  60.00,  580.00),
(1, '2025-09-11', 1002, 'FLS',  2, 1.8,  140.00,  5.00,  35.00,  220.00,  10.00,  12.00,  140.00),
(1, '2025-09-12', 1002, 'TRS',  1, 2.5,  200.00, 15.00,  50.00,  800.00,  22.00,  50.00,  550.00);  -- 6 tires (Total: 10 tires)

-- Store 2 - Amanda Reynolds (Manager, EmployeeID 2001) - Oversees all Store 2 sales
INSERT INTO `WriterSalesByCategory` (
    `StoreID`, `Date`, `EmployeeID`, `CategoryCode`,
    `LaborJobs`, `LaborHours`, `LaborCharge`, `LaborDiscount`, `LaborCost`,
    `PartsCharge`, `PartsFees`, `PartsDiscount`, `PartsCost`
)
VALUES
(2, '2025-09-08', 2001, 'TRS',  2, 4.0,  320.00, 20.00,  80.00, 1160.00,  32.00,  70.00,  790.00),
(2, '2025-09-09', 2001, 'BRK',  4, 9.0,  775.00, 50.00, 193.75, 1390.00,  43.00,  78.00,  897.00),
(2, '2025-09-10', 2001, 'LOF', 12, 6.5,  510.00,  5.00, 127.50,  475.00,  27.00,   0.00,  304.00),
(2, '2025-09-11', 2001, 'WA',   2, 5.3,  440.00,  0.00, 110.00,  110.00,   5.00,   0.00,   66.00),
(2, '2025-09-12', 2001, 'FLS',  4, 4.5,  355.00,  5.00,  88.75,  560.00,  25.00,  29.00,  360.00);

-- Store 2 - Jason Parker (Service Advisor, EmployeeID 2002) - Gets tire spiffs
-- Note: His 8 tires @ $4.375 = $35 tire spiff matches PayrollEarning data
INSERT INTO `WriterSalesByCategory` (
    `StoreID`, `Date`, `EmployeeID`, `CategoryCode`,
    `LaborJobs`, `LaborHours`, `LaborCharge`, `LaborDiscount`, `LaborCost`,
    `PartsCharge`, `PartsFees`, `PartsDiscount`, `PartsCost`
)
VALUES
(2, '2025-09-08', 2002, 'LOF',  5, 1.8,  140.00,  5.00,  35.00,  130.00,   7.00,   0.00,   83.00),
(2, '2025-09-09', 2002, 'BRK',  3, 8.5,  750.00, 30.00, 187.50, 1370.00,  42.00,  78.00,  882.00),
(2, '2025-09-10', 2002, 'TRS',  1, 2.0,  160.00, 10.00,  40.00,  580.00,  16.00,  35.00,  395.00),  -- 4 tires
(2, '2025-09-11', 2002, 'FLS',  3, 3.5,  275.00,  5.00,  68.75,  430.00,  19.00,  21.00,  276.00),
(2, '2025-09-12', 2002, 'TRS',  1, 2.5,  200.00, 12.00,  50.00,  660.00,  18.00,  40.00,  450.00);  -- 4 tires (Total: 8 tires)

-- ============================================================
-- PAYROLL PERIOD – ONE WEEK
-- ============================================================
INSERT INTO `PayrollPeriod` (`PeriodStart`, `PeriodEnd`)
VALUES ('2025-09-08', '2025-09-14');
-- This is PeriodID = 1

-- ============================================================
-- PAYROLL RECORDS (PER EMPLOYEE, ONE WEEK)
-- ============================================================
INSERT INTO `PayrollRecord` (
    `PeriodID`,
    `StoreID`,
    `EmployeeID`,
    `PositionID`,
    `PlanID`,
    `TotalHours`,
    `TotalCompensation`
)
VALUES
-- RecordID 1  – 1001 Ryan (Store 1 Manager, Salary)
(1, 1, 1001, 1, 1, 45.0, 1750.00),

-- RecordID 2  – 1002 Lauren (Store 1 Advisor, Hourly + Ind Sales + Tire)
(1, 1, 1002, 2, 3, 42.0, 1020.00),

-- RecordID 3  – 1003 Eric (Store 1 Tech, Hourly + Flat Rate)
(1, 1, 1003, 3, 4, 44.0, 1362.00),

-- RecordID 4  – 1004 Dylan (Store 1 Tech)
(1, 1, 1004, 3, 4, 40.0, 1144.00),

-- RecordID 5  – 1005 Marcus (Store 1 Tech)
(1, 1, 1005, 3, 4, 46.0, 1620.00),

-- RecordID 6  – 1006 Evan (Store 1 GST, Hourly)
(1, 1, 1006, 4, 5, 38.0,  684.00),

-- RecordID 7  – 2001 Amanda (Store 2 Manager, Salary + Store GP)
(1, 2, 2001, 1, 2, 47.0, 2325.00),

-- RecordID 8  – 2002 Jason (Store 2 Advisor)
(1, 2, 2002, 2, 3, 41.0, 1046.50),

-- RecordID 9  – 2003 Luis (Store 2 Tech)
(1, 2, 2003, 3, 4, 43.0, 1347.50),

-- RecordID 10 – 2004 Tyler (Store 2 Tech)
(1, 2, 2004, 3, 4, 40.0, 1118.00),

-- RecordID 11 – 2005 Noah (Store 2 Tech)
(1, 2, 2005, 3, 4, 42.0, 1274.50),

-- RecordID 12 – 2006 Brandon (Store 2 Tech)
(1, 2, 2006, 3, 4, 39.0, 1017.00),

-- RecordID 13 – 2007 Kevin (Store 2 GST)
(1, 2, 2007, 4, 5, 37.0,  684.50),

-- RecordID 14 – 2008 Jake (Store 2 GST)
(1, 2, 2008, 4, 5, 36.0,  648.00);

-- ============================================================
-- PAYROLL EARNINGS (ONE ROW PER RECORD + ELEMENT)
-- ============================================================

INSERT INTO `PayrollEarning` (
    `RecordID`,
    `ElementID`,
    `Hours`,
    `Quantity`,
    `Amount`
)
VALUES
-- ============================================================
-- RecordID 1 – 1001 Ryan (Salary)
-- ============================================================
(1, 1, NULL, NULL, 1750.00),

-- ============================================================
-- RecordID 2 – 1002 Lauren (Advisor, $20/hr, OT 1.5x)
-- 40 reg, 2 OT, plus commissions
-- ============================================================
(2, 3, 40.0, NULL,  800.00),  -- Regular Hours Pay
(2, 4,  2.0, NULL,   60.00),  -- Overtime Pay (2 * 30)
(2, 5, NULL, NULL,  120.00),  -- Individual Sales Commission
(2, 6, NULL,  10.0,  40.00),  -- Tire Spiff (say 10 tires @ $4)
-- ============================================================
-- RecordID 3 – 1003 Eric (Tech, $22/hr, OT 1.5x, flat rate)
-- 40 reg, 4 OT, 10 flat-rate hrs
-- ============================================================
(3, 3, 40.0, NULL,  880.00),  -- Regular
(3, 4,  4.0, NULL,  132.00),  -- OT (4 * 33)
(3, 7, 10.0, NULL,  300.00),  -- Flat Rate Hours Pay (10 * 30)
(3, 8, NULL, NULL,   50.00),  -- Misc Spiff
-- ============================================================
-- RecordID 4 – 1004 Dylan (Tech, $22/hr, 8 FR hrs)
-- ============================================================
(4, 3, 40.0, NULL,  880.00),
(4, 7,  8.0, NULL,  224.00),  -- 8 * 28
(4, 8, NULL, NULL,   40.00),
-- ============================================================
-- RecordID 5 – 1005 Marcus (Tech, $24/hr, heavy OT, 12 FR hrs)
-- ============================================================
(5, 3, 40.0, NULL,  960.00),
(5, 4,  6.0, NULL,  216.00),  -- 6 * 36
(5, 7, 12.0, NULL,  384.00),  -- 12 * 32
(5, 8, NULL, NULL,   60.00),

-- ============================================================
-- RecordID 6 – 1006 Evan (GST, $18/hr, no OT)
-- ============================================================
(6, 3, 38.0, NULL,  684.00),

-- ============================================================
-- RecordID 7 – 2001 Amanda (Salary + Store GP)
-- ============================================================
(7, 1, NULL, NULL, 1875.00),  -- Base Salary
(7, 2, NULL, NULL,  450.00),  -- Store GP Commission

-- ============================================================
-- RecordID 8 – 2002 Jason (Advisor, $21/hr, 1 OT hr)
-- ============================================================
(8, 3, 40.0, NULL,  840.00),
(8, 4,  1.0, NULL,   31.50),  -- 1 * 31.5
(8, 5, NULL, NULL,  140.00),  -- Individual Sales Commission
(8, 6, NULL,   8.0,  35.00),  -- Tire Spiff

-- ============================================================
-- RecordID 9 – 2003 Luis (Tech, $23/hr, 3 OT hrs, 9 FR hrs)
-- ============================================================
(9, 3, 40.0, NULL,  920.00),
(9, 4,  3.0, NULL,  103.50),  -- 3 * 34.5
(9, 7,  9.0, NULL,  279.00),  -- 9 * 31
(9, 8, NULL, NULL,   45.00),

-- ============================================================
-- RecordID 10 – 2004 Tyler (Tech, $22/hr, 7 FR hrs)
-- ============================================================
(10, 3, 40.0, NULL,  880.00),
(10, 7,  7.0, NULL,  203.00), -- 7 * 29
(10, 8, NULL, NULL,   35.00),

-- ============================================================
-- RecordID 11 – 2005 Noah (Tech, $21.5/hr, 2 OT hrs, 10 FR hrs)
-- ============================================================
(11, 3, 40.0, NULL,  860.00),
(11, 4,  2.0, NULL,   64.50),  -- 2 * 32.25
(11, 7, 10.0, NULL,  300.00),
(11, 8, NULL, NULL,   50.00),

-- ============================================================
-- RecordID 12 – 2006 Brandon (Tech, $21/hr, 6 FR hrs)
-- ============================================================
(12, 3, 39.0, NULL,  819.00),
(12, 7,  6.0, NULL,  168.00),  -- 6 * 28
(12, 8, NULL, NULL,   30.00),

-- ============================================================
-- RecordID 13 – 2007 Kevin (GST, $18.5/hr)
-- ============================================================
(13, 3, 37.0, NULL,  684.50),

-- ============================================================
-- RecordID 14 – 2008 Jake (GST, $18/hr)
-- ============================================================
(14, 3, 36.0, NULL,  648.00);
